SnippetName,AOIMap,StoryOrderCodeFirst,StoryOrderCommentFirst,StoryOrderCodeOnly,ExecutionOrderCodeFirst,ExecutionOrderCommentFirst,ExecutionOrderCodeOnly,StoryOrderGlobal,ExecutionOrderGlobal
Task1CM,"{'Task1CML00': [946.0, 257.0, 1554.0, 297.0, 0], 'Task1CML01': [1006.0, 307.0, 1209.0, 347.0, 1], 'Task1CML02': [1006.0, 357.0, 1449.0, 397.0, 2], 'Task1CML03': [1006.0, 406.0, 1344.0, 446.0, 3], 'Task1CML04': [1066.0, 456.0, 1614.0, 496.0, 4], 'Task1CML05': [1066.0, 505.0, 1584.0, 545.0, 5], 'Task1CML06': [1126.0, 555.0, 1359.0, 595.0, 6], 'Task1CML07': [1066.0, 605.0, 1194.0, 644.0, 7], 'Task1CML08': [1126.0, 654.0, 1314.0, 694.0, 8], 'Task1CML09': [1066.0, 704.0, 1089.0, 743.0, 9], 'Task1CML10': [1006.0, 753.0, 1029.0, 792.0, 10], 'Task1CML11': [1006.0, 803.0, 1194.0, 843.0, 11], 'Task1CML12': [946.0, 853.0, 969.0, 892.0, 12], 'Task1CML13': [946.0, 952.0, 1554.0, 992.0, 13], 'Task1CML14': [1006.0, 1001.0, 1554.0, 1041.0, 14], 'Task1CML15': [1006.0, 1051.0, 1434.0, 1091.0, 15], 'Task1CML16': [1006.0, 1101.0, 1419.0, 1141.0, 16], 'Task1CML17': [946.0, 1150.0, 969.0, 1189.0, 17]}",[],[],"[0, 1, 2, 3, 4, 5, 6, 7, 8, 11, 13, 14, 15, 16, 17]",[],[],"[13, 14, 15, 0, 1, 2, 3, 4, 5, 6, 10, 3, 4, 5, 8, 10, 3, 4, 5, 6, 10, 3, 11, 15, 16, 17]","[0, 1, 2, 3, 4, 5, 6, 7, 8, 11, 13, 14, 15, 16, 17]","[13, 14, 15, 0, 1, 2, 3, 4, 5, 6, 10, 3, 4, 5, 8, 10, 3, 4, 5, 6, 10, 3, 11, 15, 16, 17]"
Task1CP,"{'Task1CPL00': [421.0, 257.0, 1029.0, 297.0, 0], 'Task1CPL01': [481.0, 307.0, 684.0, 347.0, 1], 'Task1CPC02': [1006.0, 307.0, 1734.0, 346.0, 1], 'Task1CPL03': [481.0, 357.0, 924.0, 397.0, 2], 'Task1CPC04': [1006.0, 357.0, 1749.0, 396.0, 2], 'Task1CPL05': [481.0, 406.0, 819.0, 446.0, 3], 'Task1CPL06': [541.0, 456.0, 1089.0, 496.0, 4], 'Task1CPC07': [1141.0, 456.0, 1809.0, 492.0, 4], 'Task1CPL08': [541.0, 505.0, 1059.0, 545.0, 5], 'Task1CPC09': [1141.0, 505.0, 2139.0, 545.0, 5], 'Task1CPL10': [601.0, 555.0, 834.0, 595.0, 6], 'Task1CPC11': [1141.0, 555.0, 1794.0, 594.0, 6], 'Task1CPL12': [541.0, 605.0, 669.0, 644.0, 7], 'Task1CPL13': [601.0, 654.0, 789.0, 694.0, 8], 'Task1CPC14': [1141.0, 654.0, 1644.0, 693.0, 8], 'Task1CPL15': [541.0, 704.0, 564.0, 743.0, 9], 'Task1CPL16': [481.0, 753.0, 504.0, 792.0, 10], 'Task1CPL17': [481.0, 803.0, 669.0, 843.0, 11], 'Task1CPC18': [721.0, 803.0, 1239.0, 839.0, 11], 'Task1CPL19': [421.0, 853.0, 444.0, 892.0, 12], 'Task1CPL20': [421.0, 952.0, 1029.0, 992.0, 13], 'Task1CPL21': [481.0, 1001.0, 1029.0, 1041.0, 14], 'Task1CPL22': [481.0, 1051.0, 909.0, 1091.0, 15], 'Task1CPL23': [481.0, 1101.0, 894.0, 1141.0, 16], 'Task1CPL24': [421.0, 1150.0, 444.0, 1189.0, 17]}","[0, 1, 2, 3, 4, 5, 6, 7, 8, 9, 10, 11, 12, 13, 14, 17, 18, 20, 21, 22, 23, 24]","[0, 2, 1, 4, 3, 5, 7, 6, 9, 8, 11, 10, 12, 14, 13, 18, 17, 20, 21, 22, 23, 24]","[0, 1, 3, 5, 6, 8, 10, 12, 13, 17, 20, 21, 22, 23, 24]","[20, 21, 22, 0, 1, 2, 3, 4, 5, 6, 7, 8, 9, 10, 11, 16, 5, 6, 7, 8, 9, 13, 14, 16, 5, 6, 7, 8, 9, 10, 11, 16, 5, 17, 18, 22, 23, 24]","[20, 21, 22, 0, 2, 1, 4, 3, 5, 7, 6, 9, 8, 11, 10, 16, 5, 7, 6, 9, 8, 14, 13, 16, 5, 7, 6, 9, 8, 11, 10, 16, 5, 18, 17, 22, 23, 24]","[20, 21, 22, 0, 1, 3, 5, 6, 8, 10, 16, 5, 6, 8, 13, 16, 5, 6, 8, 10, 16, 5, 17, 22, 23, 24]","[0, 1, 2, 3, 4, 5, 6, 7, 8, 11, 13, 14, 15, 16, 17]","[13, 14, 15, 0, 1, 2, 3, 4, 5, 6, 10, 3, 4, 5, 8, 10, 3, 4, 5, 6, 10, 3, 11, 15, 16, 17]"
Task2CM,"{'Task2CML00': [811.0, 233.0, 1749.0, 273.0, 0], 'Task2CML01': [871.0, 283.0, 1464.0, 323.0, 1], 'Task2CML02': [871.0, 333.0, 1494.0, 373.0, 2], 'Task2CML03': [871.0, 382.0, 1224.0, 422.0, 3], 'Task2CML04': [931.0, 432.0, 1299.0, 472.0, 4], 'Task2CML05': [991.0, 481.0, 1374.0, 521.0, 5], 'Task2CML06': [991.0, 531.0, 1239.0, 571.0, 6], 'Task2CML07': [991.0, 581.0, 1209.0, 621.0, 7], 'Task2CML08': [931.0, 630.0, 954.0, 669.0, 8], 'Task2CML09': [931.0, 680.0, 1269.0, 720.0, 9], 'Task2CML10': [871.0, 729.0, 894.0, 768.0, 10], 'Task2CML11': [871.0, 779.0, 1089.0, 819.0, 11], 'Task2CML12': [811.0, 829.0, 834.0, 868.0, 12], 'Task2CML13': [811.0, 928.0, 1419.0, 968.0, 13], 'Task2CML14': [871.0, 977.0, 1419.0, 1017.0, 14], 'Task2CML15': [871.0, 1027.0, 1119.0, 1067.0, 15], 'Task2CML16': [871.0, 1077.0, 1569.0, 1117.0, 16], 'Task2CML17': [871.0, 1126.0, 1284.0, 1166.0, 17], 'Task2CML18': [811.0, 1176.0, 834.0, 1215.0, 18]}",[],[],"[0, 1, 2, 3, 4, 5, 6, 7, 9, 11, 13, 14, 15, 16, 17, 18]",[],[],"[13, 14, 15, 16, 0, 1, 2, 3, 4, 9, 3, 4, 9, 3, 4, 9, 3, 4, 9, 3, 4, 9, 3, 4, 5, 6, 7, 16, 17, 18]","[0, 1, 2, 3, 4, 5, 6, 7, 9, 11, 13, 14, 15, 16, 17, 18]","[13, 14, 15, 16, 0, 1, 2, 3, 4, 9, 3, 4, 9, 3, 4, 9, 3, 4, 9, 3, 4, 9, 3, 4, 5, 6, 7, 16, 17, 18]"
Task2CP,"{'Task2CPL00': [451.0, 233.0, 1389.0, 273.0, 0], 'Task2CPL01': [511.0, 283.0, 1104.0, 323.0, 1], 'Task2CPC02': [1186.0, 283.0, 1674.0, 322.0, 1], 'Task2CPL03': [511.0, 333.0, 1134.0, 373.0, 2], 'Task2CPC04': [1186.0, 333.0, 1554.0, 372.0, 2], 'Task2CPL05': [511.0, 382.0, 864.0, 422.0, 3], 'Task2CPC06': [1186.0, 382.0, 1614.0, 421.0, 3], 'Task2CPL07': [571.0, 432.0, 939.0, 472.0, 4], 'Task2CPC08': [1186.0, 432.0, 2109.0, 471.0, 4], 'Task2CPL09': [631.0, 481.0, 1014.0, 521.0, 5], 'Task2CPC10': [1186.0, 481.0, 1824.0, 520.0, 5], 'Task2CPL11': [631.0, 531.0, 879.0, 571.0, 6], 'Task2CPC12': [1186.0, 531.0, 1839.0, 570.0, 6], 'Task2CPL13': [631.0, 581.0, 849.0, 621.0, 7], 'Task2CPL14': [571.0, 630.0, 594.0, 669.0, 8], 'Task2CPL15': [571.0, 680.0, 909.0, 720.0, 9], 'Task2CPC16': [1186.0, 680.0, 2004.0, 719.0, 9], 'Task2CPL17': [511.0, 729.0, 534.0, 768.0, 10], 'Task2CPL18': [511.0, 779.0, 729.0, 819.0, 11], 'Task2CPC19': [1186.0, 779.0, 1869.0, 818.0, 11], 'Task2CPL20': [451.0, 829.0, 474.0, 868.0, 12], 'Task2CPL21': [451.0, 928.0, 1059.0, 968.0, 13], 'Task2CPL22': [511.0, 977.0, 1059.0, 1017.0, 14], 'Task2CPL23': [511.0, 1027.0, 759.0, 1067.0, 15], 'Task2CPL24': [511.0, 1077.0, 1209.0, 1117.0, 16], 'Task2CPL25': [511.0, 1126.0, 924.0, 1166.0, 17], 'Task2CPL26': [451.0, 1176.0, 474.0, 1215.0, 18]}","[0, 1, 2, 3, 4, 5, 6, 7, 8, 9, 10, 11, 12, 13, 15, 16, 18, 19, 21, 22, 23, 24, 25, 26]","[0, 2, 1, 4, 3, 6, 5, 8, 7, 10, 9, 12, 11, 13, 16, 15, 19, 18, 21, 22, 23, 24, 25, 26]","[0, 1, 3, 5, 7, 9, 11, 13, 15, 18, 21, 22, 23, 24, 25, 26]","[21, 22, 23, 24, 0, 1, 2, 3, 4, 5, 6, 7, 8, 15, 16, 5, 6, 7, 8, 15, 16, 5, 6, 7, 8, 15, 16, 5, 6, 7, 8, 15, 16, 5, 6, 7, 8, 15, 16, 5, 6, 7, 8, 9, 10, 11, 12, 13, 24, 25, 26]","[21, 22, 23, 24, 0, 2, 1, 4, 3, 6, 5, 8, 7, 16, 15, 6, 5, 8, 7, 16, 15, 6, 5, 8, 7, 16, 15, 6, 5, 8, 7, 16, 15, 6, 5, 8, 7, 16, 15, 6, 5, 8, 7, 10, 9, 12, 11, 13, 24, 25, 26]","[21, 22, 23, 24, 0, 1, 3, 5, 7, 15, 5, 7, 15, 5, 7, 15, 5, 7, 15, 5, 7, 15, 5, 7, 9, 11, 13, 24, 25, 26]","[0, 1, 2, 3, 4, 5, 6, 7, 9, 11, 13, 14, 15, 16, 17, 18]","[13, 14, 15, 16, 0, 1, 2, 3, 4, 9, 3, 4, 9, 3, 4, 9, 3, 4, 9, 3, 4, 9, 3, 4, 5, 6, 7, 16, 17, 18]"
Task3CM,"{'Task3CML00': [788.0, 233.0, 1396.0, 273.0, 0], 'Task3CML01': [848.0, 283.0, 1126.0, 323.0, 1], 'Task3CML02': [848.0, 333.0, 1036.0, 373.0, 2], 'Task3CML03': [848.0, 382.0, 1621.0, 422.0, 3], 'Task3CML04': [848.0, 432.0, 1456.0, 472.0, 4], 'Task3CML05': [908.0, 481.0, 1156.0, 521.0, 5], 'Task3CML06': [908.0, 531.0, 1366.0, 571.0, 6], 'Task3CML07': [968.0, 581.0, 1771.0, 621.0, 7], 'Task3CML08': [908.0, 630.0, 1036.0, 669.0, 8], 'Task3CML09': [968.0, 680.0, 1261.0, 720.0, 9], 'Task3CML10': [908.0, 729.0, 931.0, 768.0, 10], 'Task3CML11': [848.0, 779.0, 871.0, 818.0, 11], 'Task3CML12': [848.0, 829.0, 1111.0, 869.0, 12], 'Task3CML13': [788.0, 878.0, 811.0, 917.0, 13], 'Task3CML14': [788.0, 977.0, 1396.0, 1017.0, 14], 'Task3CML15': [848.0, 1027.0, 1516.0, 1067.0, 15], 'Task3CML16': [848.0, 1077.0, 1276.0, 1117.0, 16], 'Task3CML17': [848.0, 1126.0, 1261.0, 1166.0, 17], 'Task3CML18': [788.0, 1176.0, 811.0, 1215.0, 18]}",[],[],"[0, 1, 2, 3, 4, 5, 6, 7, 8, 9, 12, 14, 15, 16, 17, 18]",[],[],"[14, 15, 16, 0, 1, 2, 3, 4, 5, 6, 9, 4, 5, 6, 9, 4, 5, 6, 7, 4, 5, 6, 9, 4, 5, 6, 9, 4, 5, 6, 7, 4, 5, 6, 9, 4, 5, 6, 9, 4, 12, 16, 17, 18]","[0, 1, 2, 3, 4, 5, 6, 7, 8, 9, 12, 14, 15, 16, 17, 18]","[14, 15, 16, 0, 1, 2, 3, 4, 5, 6, 9, 4, 5, 6, 9, 4, 5, 6, 7, 4, 5, 6, 9, 4, 5, 6, 9, 4, 5, 6, 7, 4, 5, 6, 9, 4, 5, 6, 9, 4, 12, 16, 17, 18]"
Task3CP,"{'Task3CPL00': [428.0, 209.0, 1036.0, 249.0, 0], 'Task3CPL01': [488.0, 259.0, 766.0, 299.0, 1], 'Task3CPC02': [983.0, 259.0, 1816.0, 298.0, 1], 'Task3CPL03': [488.0, 308.0, 676.0, 348.0, 2], 'Task3CPC04': [983.0, 308.0, 1876.0, 347.0, 2], 'Task3CPL05': [488.0, 358.0, 1261.0, 398.0, 3], 'Task3CPC06': [1283.0, 358.0, 2131.0, 398.0, 3], 'Task3CPL07': [488.0, 408.0, 1096.0, 448.0, 4], 'Task3CPC08': [1118.0, 408.0, 1636.0, 447.0, 4], 'Task3CPL09': [548.0, 457.0, 796.0, 497.0, 5], 'Task3CPC10': [1118.0, 457.0, 2101.0, 497.0, 5], 'Task3CPC11': [1118.0, 507.0, 2026.0, 543.0, 6], 'Task3CPL12': [548.0, 557.0, 1006.0, 597.0, 7], 'Task3CPC13': [1118.0, 557.0, 1786.0, 596.0, 7], 'Task3CPL14': [608.0, 606.0, 1411.0, 646.0, 8], 'Task3CPC15': [1433.0, 606.0, 2056.0, 645.0, 8], 'Task3CPL16': [548.0, 656.0, 676.0, 695.0, 9], 'Task3CPL17': [608.0, 705.0, 901.0, 745.0, 10], 'Task3CPC18': [1118.0, 705.0, 2041.0, 745.0, 10], 'Task3CPL19': [548.0, 755.0, 571.0, 794.0, 11], 'Task3CPL20': [488.0, 805.0, 511.0, 844.0, 12], 'Task3CPL21': [488.0, 854.0, 751.0, 894.0, 13], 'Task3CPC22': [788.0, 854.0, 1456.0, 893.0, 13], 'Task3CPL23': [428.0, 904.0, 451.0, 943.0, 14], 'Task3CPL24': [428.0, 1003.0, 1036.0, 1043.0, 15], 'Task3CPL25': [488.0, 1053.0, 1156.0, 1093.0, 16], 'Task3CPL26': [488.0, 1102.0, 916.0, 1142.0, 17], 'Task3CPL27': [488.0, 1152.0, 901.0, 1192.0, 18], 'Task3CPL28': [428.0, 1201.0, 451.0, 1240.0, 19]}","[0, 1, 2, 3, 4, 5, 6, 7, 8, 9, 10, 11, 12, 13, 14, 15, 16, 17, 18, 21, 22, 24, 25, 26, 27, 28]","[0, 2, 1, 4, 3, 6, 5, 8, 7, 10, 9, 11, 13, 12, 15, 14, 16, 18, 17, 22, 21, 24, 25, 26, 27, 28]","[0, 1, 3, 5, 7, 9, 12, 14, 16, 17, 21, 24, 25, 26, 27, 28]","[23, 24, 25, 0, 1, 2, 3, 4, 5, 6, 7, 8, 9, 10, 11, 16, 7, 8, 9, 10, 11, 16, 7, 8, 9, 10, 11, 12, 13, 7, 8, 9, 10, 11, 16, 7, 8, 9, 10, 11, 16, 7, 8, 9, 10, 11, 12, 13, 7, 8, 9, 10, 11, 16, 7, 8, 9, 10, 11, 16, 7, 8, 20, 25, 26, 27]","[23, 24, 25, 0, 2, 1, 4, 3, 6, 5, 8, 7, 10, 9, 11, 16, 8, 7, 10, 9, 11, 16, 8, 7, 10, 9, 11, 13, 12, 8, 7, 10, 9, 11, 16, 8, 7, 10, 9, 11, 16, 8, 7, 10, 9, 11, 13, 12, 8, 7, 10, 9, 11, 16, 8, 7, 10, 9, 11, 16, 8, 7, 20, 25, 26, 27]","[23, 24, 25, 0, 1, 3, 5, 7, 9, 16, 7, 9, 16, 7, 9, 12, 7, 9, 16, 7, 9, 16, 7, 9, 12, 7, 9, 16, 7, 9, 16, 7, 20, 25, 26, 27]","[0, 1, 2, 3, 4, 5, 6, 7, 8, 9, 10, 13, 15, 16, 17, 18, 19]","[14, 15, 16, 0, 1, 2, 3, 4, 5, 6, 9, 4, 5, 6, 9, 4, 5, 6, 7, 4, 5, 6, 9, 4, 5, 6, 9, 4, 5, 6, 7, 4, 5, 6, 9, 4, 5, 6, 9, 4, 12, 16, 17, 18]"
Task4CM,"{'Task4CML00': [833.0, 144.0, 1441.0, 180.0, 0], 'Task4CML01': [893.0, 191.0, 1531.0, 227.0, 1], 'Task4CML02': [893.0, 238.0, 1171.0, 274.0, 2], 'Task4CML03': [893.0, 285.0, 1246.0, 321.0, 3], 'Task4CML04': [953.0, 332.0, 1201.0, 368.0, 4], 'Task4CML05': [893.0, 379.0, 916.0, 414.0, 5], 'Task4CML06': [893.0, 427.0, 1246.0, 463.0, 6], 'Task4CML07': [953.0, 474.0, 1441.0, 510.0, 7], 'Task4CML08': [1013.0, 521.0, 1336.0, 557.0, 8], 'Task4CML09': [1013.0, 568.0, 1351.0, 604.0, 9], 'Task4CML10': [1013.0, 615.0, 1636.0, 651.0, 10], 'Task4CML11': [1073.0, 662.0, 1276.0, 698.0, 11], 'Task4CML12': [1073.0, 709.0, 1321.0, 745.0, 12], 'Task4CML13': [1013.0, 756.0, 1036.0, 791.0, 13], 'Task4CML14': [1013.0, 804.0, 1726.0, 840.0, 14], 'Task4CML15': [953.0, 851.0, 976.0, 886.0, 15], 'Task4CML16': [893.0, 898.0, 916.0, 933.0, 16], 'Task4CML17': [893.0, 945.0, 1156.0, 981.0, 17], 'Task4CML18': [833.0, 992.0, 856.0, 1027.0, 18], 'Task4CML19': [833.0, 1086.0, 1441.0, 1122.0, 19], 'Task4CML20': [893.0, 1133.0, 1501.0, 1169.0, 20], 'Task4CML21': [893.0, 1180.0, 1321.0, 1216.0, 21], 'Task4CML22': [893.0, 1228.0, 1306.0, 1264.0, 22], 'Task4CML23': [833.0, 1275.0, 856.0, 1310.0, 23]}",[],[],"[0, 1, 2, 3, 4, 6, 7, 8, 9, 10, 11, 12, 14, 17, 19, 20, 21, 22, 23]",[],[],"[19, 20, 21, 0, 1, 2, 3, 4, 3, 4, 3, 4, 3, 4, 3, 4, 3, 4, 3, 4, 3, 6, 7, 8, 9, 10, 14, 6, 7, 6, 7, 8, 9, 10, 14, 6, 7, 8, 9, 10, 11, 12, 10, 11, 12, 10, 11, 12, 10, 11, 12, 10, 14, 6, 7, 6, 7, 6, 7, 6, 17, 21, 22, 23]","[0, 1, 2, 3, 4, 6, 7, 8, 9, 10, 11, 12, 14, 17, 19, 20, 21, 22, 23]","[19, 20, 21, 0, 1, 2, 3, 4, 3, 4, 3, 4, 3, 4, 3, 4, 3, 4, 3, 4, 3, 6, 7, 8, 9, 10, 14, 6, 7, 6, 7, 8, 9, 10, 14, 6, 7, 8, 9, 10, 11, 12, 10, 11, 12, 10, 11, 12, 10, 11, 12, 10, 14, 6, 7, 6, 7, 6, 7, 6, 17, 21, 22, 23]"
Task4CP,"{'Task4CPL00': [398.0, 144.0, 1006.0, 180.0, 0], 'Task4CPL01': [458.0, 191.0, 1096.0, 227.0, 1], 'Task4CPC02': [1133.0, 191.0, 1801.0, 226.0, 1], 'Task4CPL03': [458.0, 238.0, 736.0, 274.0, 2], 'Task4CPC04': [1133.0, 238.0, 2161.0, 273.0, 2], 'Task4CPL05': [458.0, 285.0, 811.0, 321.0, 3], 'Task4CPL06': [518.0, 332.0, 766.0, 368.0, 4], 'Task4CPC07': [1133.0, 332.0, 2056.0, 367.0, 4], 'Task4CPL08': [458.0, 379.0, 481.0, 414.0, 5], 'Task4CPL09': [458.0, 427.0, 811.0, 463.0, 6], 'Task4CPL10': [518.0, 474.0, 1006.0, 510.0, 7], 'Task4CPC11': [1133.0, 474.0, 2011.0, 509.0, 7], 'Task4CPL12': [578.0, 521.0, 901.0, 557.0, 8], 'Task4CPC13': [1133.0, 521.0, 1621.0, 553.0, 8], 'Task4CPL14': [578.0, 568.0, 916.0, 604.0, 9], 'Task4CPC15': [1133.0, 568.0, 1756.0, 603.0, 9], 'Task4CPL16': [578.0, 615.0, 1201.0, 651.0, 10], 'Task4CPC17': [1313.0, 615.0, 1996.0, 650.0, 10], 'Task4CPL18': [638.0, 662.0, 841.0, 698.0, 11], 'Task4CPL19': [638.0, 709.0, 886.0, 745.0, 12], 'Task4CPL20': [578.0, 756.0, 601.0, 791.0, 13], 'Task4CPL21': [578.0, 804.0, 1291.0, 840.0, 14], 'Task4CPC22': [1313.0, 804.0, 1936.0, 839.0, 14], 'Task4CPL23': [518.0, 851.0, 541.0, 886.0, 15], 'Task4CPL24': [458.0, 898.0, 481.0, 933.0, 16], 'Task4CPL25': [458.0, 945.0, 721.0, 981.0, 17], 'Task4CPC26': [1133.0, 945.0, 1501.0, 980.0, 17], 'Task4CPL27': [398.0, 992.0, 421.0, 1027.0, 18], 'Task4CPL28': [398.0, 1086.0, 1006.0, 1122.0, 19], 'Task4CPL29': [458.0, 1133.0, 1066.0, 1169.0, 20], 'Task4CPL30': [458.0, 1180.0, 886.0, 1216.0, 21], 'Task4CPL31': [458.0, 1228.0, 871.0, 1264.0, 22], 'Task4CPL32': [398.0, 1275.0, 421.0, 1310.0, 23]}","[0, 1, 2, 3, 4, 5, 6, 7, 9, 10, 11, 12, 13, 14, 15, 16, 17, 18, 19, 21, 22, 25, 26, 28, 29, 30, 31, 32]","[0, 2, 1, 4, 3, 5, 7, 6, 9, 11, 10, 13, 12, 15, 14, 17, 16, 18, 19, 22, 21, 26, 25, 28, 29, 30, 31, 32]","[0, 1, 3, 5, 6, 9, 10, 12, 14, 16, 18, 19, 21, 25, 28, 29, 30, 31, 32]","[28, 29, 30, 0, 1, 2, 3, 4, 5, 6, 7, 5, 6, 7, 5, 6, 7, 5, 6, 7, 5, 6, 7, 5, 6, 7, 5, 6, 7, 5, 9, 10, 11, 12, 13, 14, 15, 16, 17, 21, 22, 9, 10, 11, 9, 10, 11, 12, 13, 14, 15, 16, 17, 21, 22, 9, 10, 11, 12, 13, 14, 15, 16, 17, 18, 19, 16, 17, 18, 19, 16, 17, 18, 19, 16, 17, 18, 19, 16, 17, 21, 22, 9, 10, 11, 9, 10, 11, 9, 10, 11, 9, 25, 26, 30, 31, 32]","[28, 29, 30, 0, 2, 1, 4, 3, 5, 7, 6, 5, 7, 6, 5, 7, 6, 5, 7, 6, 5, 7, 6, 5, 7, 6, 5, 7, 6, 5, 9, 11, 10, 13, 12, 15, 14, 17, 16, 22, 21, 9, 11, 10, 9, 11, 10, 13, 12, 15, 14, 17, 16, 22, 21, 9, 11, 10, 13, 12, 15, 14, 17, 16, 18, 19, 17, 16, 18, 19, 17, 16, 18, 19, 17, 16, 18, 19, 17, 16, 22, 21, 9, 11, 10, 9, 11, 10, 9, 11, 10, 9, 26, 25, 30, 31, 32]","[28, 29, 30, 0, 1, 3, 5, 6, 5, 6, 5, 6, 5, 6, 5, 6, 5, 6, 5, 6, 5, 9, 10, 12, 14, 16, 21, 9, 10, 9, 10, 12, 14, 16, 21, 9, 10, 12, 14, 16, 18, 19, 16, 18, 19, 16, 18, 19, 16, 18, 19, 16, 21, 9, 10, 9, 10, 9, 10, 9, 25, 30, 31, 32]","[0, 1, 2, 3, 4, 6, 7, 8, 9, 10, 11, 12, 14, 17, 19, 20, 21, 22, 23]","[19, 20, 21, 0, 1, 2, 3, 4, 3, 4, 3, 4, 3, 4, 3, 4, 3, 4, 3, 4, 3, 6, 7, 8, 9, 10, 14, 6, 7, 6, 7, 8, 9, 10, 14, 6, 7, 8, 9, 10, 11, 12, 10, 11, 12, 10, 11, 12, 10, 11, 12, 10, 14, 6, 7, 6, 7, 6, 7, 6, 17, 21, 22, 23]"
Task5CM,"{'Task5CML00': [796.0, 185.0, 1659.0, 225.0, 0], 'Task5CML01': [856.0, 235.0, 1224.0, 275.0, 1], 'Task5CML02': [856.0, 284.0, 1224.0, 324.0, 2], 'Task5CML03': [856.0, 334.0, 1389.0, 374.0, 3], 'Task5CML04': [856.0, 384.0, 1314.0, 424.0, 4], 'Task5CML05': [916.0, 433.0, 1374.0, 473.0, 5], 'Task5CML06': [976.0, 483.0, 1749.0, 523.0, 6], 'Task5CML07': [1036.0, 533.0, 1524.0, 573.0, 7], 'Task5CML08': [976.0, 582.0, 1104.0, 621.0, 8], 'Task5CML09': [1036.0, 632.0, 1764.0, 672.0, 9], 'Task5CML10': [976.0, 681.0, 999.0, 720.0, 10], 'Task5CML11': [916.0, 731.0, 939.0, 770.0, 11], 'Task5CML12': [856.0, 781.0, 879.0, 820.0, 12], 'Task5CML13': [856.0, 830.0, 1104.0, 870.0, 13], 'Task5CML14': [796.0, 880.0, 819.0, 919.0, 14], 'Task5CML15': [796.0, 979.0, 1404.0, 1019.0, 15], 'Task5CML16': [856.0, 1029.0, 1224.0, 1069.0, 16], 'Task5CML17': [856.0, 1078.0, 1194.0, 1118.0, 17], 'Task5CML18': [856.0, 1128.0, 1419.0, 1168.0, 18], 'Task5CML19': [856.0, 1177.0, 1269.0, 1217.0, 19], 'Task5CML20': [796.0, 1227.0, 819.0, 1266.0, 20]}",[],[],"[0, 1, 2, 3, 4, 5, 6, 7, 8, 9, 13, 15, 16, 17, 18, 19, 20]",[],[],"[15, 16, 17, 18, 0, 1, 2, 3, 4, 5, 6, 7, 5, 6, 9, 5, 6, 9, 5, 4, 5, 6, 9, 5, 6, 9, 5, 6, 9, 5, 4, 5, 6, 9, 5, 6, 7, 5, 6, 9, 5, 4, 5, 6, 9, 5, 6, 9, 5, 6, 9, 5, 4, 5, 6, 9, 5, 6, 9, 5, 6, 7, 5, 4, 13, 18, 19, 20]","[0, 1, 2, 3, 4, 5, 6, 7, 8, 9, 13, 15, 16, 17, 18, 19, 20]","[15, 16, 17, 18, 0, 1, 2, 3, 4, 5, 6, 7, 5, 6, 9, 5, 6, 9, 5, 4, 5, 6, 9, 5, 6, 9, 5, 6, 9, 5, 4, 5, 6, 9, 5, 6, 7, 5, 6, 9, 5, 4, 5, 6, 9, 5, 6, 9, 5, 6, 9, 5, 4, 5, 6, 9, 5, 6, 9, 5, 6, 7, 5, 4, 13, 18, 19, 20]"
Task5CP,"{'Task5CPL00': [421.0, 185.0, 1284.0, 225.0, 0], 'Task5CPL01': [481.0, 235.0, 849.0, 275.0, 1], 'Task5CPC02': [1141.0, 235.0, 1584.0, 274.0, 1], 'Task5CPL03': [481.0, 284.0, 849.0, 324.0, 2], 'Task5CPC04': [1141.0, 284.0, 1599.0, 323.0, 2], 'Task5CPL05': [481.0, 334.0, 1014.0, 374.0, 3], 'Task5CPC06': [1141.0, 334.0, 2094.0, 373.0, 3], 'Task5CPL07': [481.0, 384.0, 939.0, 424.0, 4], 'Task5CPC08': [1141.0, 384.0, 1899.0, 423.0, 4], 'Task5CPL09': [541.0, 433.0, 999.0, 473.0, 5], 'Task5CPC10': [1141.0, 433.0, 1914.0, 472.0, 5], 'Task5CPL11': [601.0, 483.0, 1374.0, 523.0, 6], 'Task5CPC12': [1411.0, 483.0, 1809.0, 519.0, 6], 'Task5CPL13': [661.0, 533.0, 1149.0, 573.0, 7], 'Task5CPC14': [1411.0, 533.0, 2139.0, 572.0, 7], 'Task5CPL15': [601.0, 582.0, 729.0, 621.0, 8], 'Task5CPL16': [661.0, 632.0, 1389.0, 672.0, 9], 'Task5CPC17': [1411.0, 632.0, 2109.0, 672.0, 9], 'Task5CPL18': [601.0, 681.0, 624.0, 720.0, 10], 'Task5CPC19': [1411.0, 681.0, 2124.0, 720.0, 10], 'Task5CPL20': [541.0, 731.0, 564.0, 770.0, 11], 'Task5CPL21': [481.0, 781.0, 504.0, 820.0, 12], 'Task5CPL22': [481.0, 830.0, 729.0, 870.0, 13], 'Task5CPC23': [1126.0, 830.0, 1554.0, 869.0, 13], 'Task5CPL24': [421.0, 880.0, 444.0, 919.0, 14], 'Task5CPL25': [421.0, 979.0, 1029.0, 1019.0, 15], 'Task5CPL26': [481.0, 1029.0, 849.0, 1069.0, 16], 'Task5CPL27': [481.0, 1078.0, 819.0, 1118.0, 17], 'Task5CPL28': [481.0, 1128.0, 1044.0, 1168.0, 18], 'Task5CPL29': [481.0, 1177.0, 894.0, 1217.0, 19], 'Task5CPL30': [421.0, 1227.0, 444.0, 1266.0, 20]}","[0, 1, 2, 3, 4, 5, 6, 7, 8, 9, 10, 11, 12, 13, 14, 15, 16, 17, 22, 23, 25, 26, 27, 28, 29, 30]","[0, 2, 1, 4, 3, 6, 5, 8, 7, 10, 9, 12, 11, 14, 13, 15, 17, 16, 23, 22, 25, 26, 27, 28, 29, 30]","[0, 1, 3, 5, 7, 9, 11, 13, 15, 16, 22, 25, 26, 27, 28, 29, 30]","[25, 26, 27, 28, 0, 1, 2, 3, 4, 5, 6, 7, 8, 9, 10, 11, 12, 13, 14, 9, 10, 11, 12, 16, 17, 9, 10, 11, 12, 16, 17, 9, 10, 7, 8, 9, 10, 11, 12, 16, 17, 9, 10, 11, 12, 16, 17, 9, 10, 11, 12, 16, 17, 9, 10, 7, 8, 9, 10, 11, 12, 16, 17, 9, 10, 11, 12, 13, 14, 9, 10, 11, 12, 16, 17, 9, 10, 7, 8, 9, 10, 11, 12, 16, 17, 9, 10, 11, 12, 16, 17, 9, 10, 11, 12, 16, 17, 9, 10, 7, 8, 9, 10, 11, 12, 16, 17, 9, 10, 11, 12, 16, 17, 9, 10, 11, 12, 13, 14, 9, 10, 7, 8, 22, 23, 28, 29, 30]","[25, 26, 27, 28, 0, 2, 1, 4, 3, 6, 5, 8, 7, 10, 9, 12, 11, 14, 13, 10, 9, 12, 11, 17, 16, 10, 9, 12, 11, 17, 16, 10, 9, 8, 7, 10, 9, 12, 11, 17, 16, 10, 9, 12, 11, 17, 16, 10, 9, 12, 11, 17, 16, 10, 9, 8, 7, 10, 9, 12, 11, 17, 16, 10, 9, 12, 11, 14, 13, 10, 9, 12, 11, 17, 16, 10, 9, 8, 7, 10, 9, 12, 11, 17, 16, 10, 9, 12, 11, 17, 16, 10, 9, 12, 11, 17, 16, 10, 9, 8, 7, 10, 9, 12, 11, 17, 16, 10, 9, 12, 11, 17, 16, 10, 9, 12, 11, 14, 13, 10, 9, 8, 7, 23, 22, 28, 29, 30]","[25, 26, 27, 28, 0, 1, 3, 5, 7, 9, 11, 13, 9, 11, 16, 9, 11, 16, 9, 7, 9, 11, 16, 9, 11, 16, 9, 11, 16, 9, 7, 9, 11, 16, 9, 11, 13, 9, 11, 16, 9, 7, 9, 11, 16, 9, 11, 16, 9, 11, 16, 9, 7, 9, 11, 16, 9, 11, 16, 9, 11, 13, 9, 7, 22, 28, 29, 30]","[0, 1, 2, 3, 4, 5, 6, 7, 8, 9, 13, 15, 16, 17, 18, 19, 20]","[15, 16, 17, 18, 0, 1, 2, 3, 4, 5, 6, 7, 5, 6, 9, 5, 6, 9, 5, 4, 5, 6, 9, 5, 6, 9, 5, 6, 9, 5, 4, 5, 6, 9, 5, 6, 7, 5, 6, 9, 5, 4, 5, 6, 9, 5, 6, 9, 5, 6, 9, 5, 4, 5, 6, 9, 5, 6, 9, 5, 6, 7, 5, 4, 13, 18, 19, 20]"
Task6CM,"{'Task6CML00': [893.0, 161.0, 1501.0, 201.0, 0], 'Task6CML01': [953.0, 211.0, 1276.0, 251.0, 1], 'Task6CML02': [953.0, 260.0, 1231.0, 300.0, 2], 'Task6CML03': [953.0, 310.0, 1291.0, 350.0, 3], 'Task6CML04': [953.0, 360.0, 1396.0, 400.0, 4], 'Task6CML05': [1013.0, 409.0, 1171.0, 449.0, 5], 'Task6CML06': [1013.0, 459.0, 1456.0, 499.0, 6], 'Task6CML07': [1073.0, 509.0, 1471.0, 549.0, 7], 'Task6CML08': [1133.0, 558.0, 1666.0, 598.0, 8], 'Task6CML09': [1073.0, 608.0, 1096.0, 647.0, 9], 'Task6CML10': [1013.0, 657.0, 1036.0, 696.0, 10], 'Task6CML11': [953.0, 707.0, 976.0, 746.0, 11], 'Task6CML12': [953.0, 757.0, 1306.0, 797.0, 12], 'Task6CML13': [1013.0, 806.0, 1621.0, 846.0, 13], 'Task6CML14': [953.0, 856.0, 976.0, 895.0, 14], 'Task6CML15': [953.0, 905.0, 1216.0, 945.0, 15], 'Task6CML16': [893.0, 955.0, 916.0, 994.0, 16], 'Task6CML17': [893.0, 1054.0, 1501.0, 1094.0, 17], 'Task6CML18': [953.0, 1104.0, 1606.0, 1144.0, 18], 'Task6CML19': [953.0, 1153.0, 1381.0, 1193.0, 19], 'Task6CML20': [953.0, 1203.0, 1366.0, 1243.0, 20], 'Task6CML21': [893.0, 1252.0, 916.0, 1291.0, 21]}",[],[],"[0, 1, 2, 3, 4, 5, 6, 7, 8, 12, 13, 15, 17, 18, 19, 20, 21]",[],[],"[17, 18, 19, 0, 1, 2, 3, 4, 5, 6, 4, 5, 6, 7, 6, 4, 5, 6, 7, 6, 7, 6, 4, 5, 6, 7, 6, 7, 6, 7, 8, 6, 4, 5, 6, 7, 6, 7, 6, 7, 8, 6, 7, 6, 4, 5, 6, 7, 6, 7, 6, 7, 8, 6, 7, 8, 6, 7, 8, 6, 4, 5, 6, 7, 8, 6, 7, 8, 6, 7, 8, 6, 7, 8, 6, 7, 8, 6, 7, 8, 6, 4, 5, 6, 7, 8, 6, 7, 8, 6, 7, 8, 6, 7, 8, 6, 7, 8, 6, 7, 8, 6, 7, 6, 4, 12, 13, 12, 13, 12, 13, 12, 13, 12, 13, 12, 13, 12, 13, 12, 13, 12, 15, 19, 20, 21]","[0, 1, 2, 3, 4, 5, 6, 7, 8, 12, 13, 15, 17, 18, 19, 20, 21]","[17, 18, 19, 0, 1, 2, 3, 4, 5, 6, 4, 5, 6, 7, 6, 4, 5, 6, 7, 6, 7, 6, 4, 5, 6, 7, 6, 7, 6, 7, 8, 6, 4, 5, 6, 7, 6, 7, 6, 7, 8, 6, 7, 6, 4, 5, 6, 7, 6, 7, 6, 7, 8, 6, 7, 8, 6, 7, 8, 6, 4, 5, 6, 7, 8, 6, 7, 8, 6, 7, 8, 6, 7, 8, 6, 7, 8, 6, 7, 8, 6, 4, 5, 6, 7, 8, 6, 7, 8, 6, 7, 8, 6, 7, 8, 6, 7, 8, 6, 7, 8, 6, 7, 6, 4, 12, 13, 12, 13, 12, 13, 12, 13, 12, 13, 12, 13, 12, 13, 12, 13, 12, 15, 19, 20, 21]"
Task6CP,"{'Task6CPL00': [443.0, 161.0, 1051.0, 201.0, 0], 'Task6CPL01': [503.0, 211.0, 826.0, 251.0, 1], 'Task6CPC02': [1043.0, 211.0, 1471.0, 250.0, 1], 'Task6CPL03': [503.0, 260.0, 781.0, 300.0, 2], 'Task6CPC04': [1043.0, 260.0, 1576.0, 299.0, 2], 'Task6CPL05': [503.0, 310.0, 841.0, 350.0, 3], 'Task6CPC06': [1043.0, 310.0, 2026.0, 349.0, 3], 'Task6CPL07': [503.0, 360.0, 946.0, 400.0, 4], 'Task6CPC08': [1043.0, 360.0, 1756.0, 399.0, 4], 'Task6CPL09': [563.0, 409.0, 721.0, 449.0, 5], 'Task6CPC10': [1043.0, 409.0, 1771.0, 448.0, 5], 'Task6CPL11': [563.0, 459.0, 1006.0, 499.0, 6], 'Task6CPC12': [1043.0, 459.0, 1876.0, 498.0, 6], 'Task6CPL13': [623.0, 509.0, 1021.0, 549.0, 7], 'Task6CPC14': [1043.0, 509.0, 2116.0, 548.0, 7], 'Task6CPL15': [683.0, 558.0, 1216.0, 598.0, 8], 'Task6CPC16': [1238.0, 558.0, 2026.0, 597.0, 8], 'Task6CPL17': [623.0, 608.0, 646.0, 647.0, 9], 'Task6CPL18': [563.0, 657.0, 586.0, 696.0, 10], 'Task6CPL19': [503.0, 707.0, 526.0, 746.0, 11], 'Task6CPL20': [503.0, 757.0, 856.0, 797.0, 12], 'Task6CPL21': [563.0, 806.0, 1171.0, 846.0, 13], 'Task6CPC22': [1193.0, 806.0, 1816.0, 845.0, 13], 'Task6CPL23': [503.0, 856.0, 526.0, 895.0, 14], 'Task6CPL24': [503.0, 905.0, 766.0, 945.0, 15], 'Task6CPC25': [1193.0, 905.0, 1621.0, 944.0, 15], 'Task6CPL26': [443.0, 955.0, 466.0, 994.0, 16], 'Task6CPL27': [443.0, 1054.0, 1051.0, 1094.0, 17], 'Task6CPL28': [503.0, 1104.0, 1156.0, 1144.0, 18], 'Task6CPL29': [503.0, 1153.0, 931.0, 1193.0, 19], 'Task6CPL30': [503.0, 1203.0, 916.0, 1243.0, 20], 'Task6CPL31': [443.0, 1252.0, 466.0, 1291.0, 21]}","[0, 1, 2, 3, 4, 5, 6, 7, 8, 9, 10, 11, 12, 13, 14, 15, 16, 20, 21, 22, 24, 25, 27, 28, 29, 30, 31]","[0, 2, 1, 4, 3, 6, 5, 8, 7, 10, 9, 12, 11, 14, 13, 16, 15, 20, 22, 21, 25, 24, 27, 28, 29, 30, 31]","[0, 1, 3, 5, 7, 9, 11, 13, 15, 20, 21, 24, 27, 28, 29, 30, 31]","[27, 28, 29, 0, 1, 2, 3, 4, 5, 6, 7, 8, 9, 10, 11, 12, 7, 8, 9, 10, 11, 12, 13, 14, 11, 12, 7, 8, 9, 10, 11, 12, 13, 14, 11, 12, 13, 14, 11, 12, 7, 8, 9, 10, 11, 12, 13, 14, 11, 12, 13, 14, 11, 12, 13, 14, 15, 16, 11, 12, 7, 8, 9, 10, 11, 12, 13, 14, 11, 12, 13, 14, 11, 12, 13, 14, 15, 16, 11, 12, 13, 14, 11, 12, 7, 8, 9, 10, 11, 12, 13, 14, 11, 12, 13, 14, 11, 12, 13, 14, 15, 16, 11, 12, 13, 14, 15, 16, 11, 12, 13, 14, 15, 16, 11, 12, 7, 8, 9, 10, 11, 12, 13, 14, 15, 16, 11, 12, 13, 14, 15, 16, 11, 12, 13, 14, 15, 16, 11, 12, 13, 14, 15, 16, 11, 12, 13, 14, 15, 16, 11, 12, 13, 14, 15, 16, 11, 12, 7, 8, 9, 10, 11, 12, 13, 14, 15, 16, 11, 12, 13, 14, 15, 16, 11, 12, 13, 14, 15, 16, 11, 12, 13, 14, 15, 16, 11, 12, 13, 14, 15, 16, 11, 12, 13, 14, 15, 16, 11, 12, 13, 14, 11, 12, 7, 8, 20, 21, 22, 20, 21, 22, 20, 21, 22, 20, 21, 22, 20, 21, 22, 20, 21, 22, 20, 21, 22, 20, 21, 22, 20, 24, 25, 29, 30, 31]","[27, 28, 29, 0, 2, 1, 4, 3, 6, 5, 8, 7, 10, 9, 12, 11, 8, 7, 10, 9, 12, 11, 14, 13, 12, 11, 8, 7, 10, 9, 12, 11, 14, 13, 12, 11, 14, 13, 12, 11, 8, 7, 10, 9, 12, 11, 14, 13, 12, 11, 14, 13, 12, 11, 14, 13, 16, 15, 12, 11, 8, 7, 10, 9, 12, 11, 14, 13, 12, 11, 14, 13, 12, 11, 14, 13, 16, 15, 12, 11, 14, 13, 12, 11, 8, 7, 10, 9, 12, 11, 14, 13, 12, 11, 14, 13, 12, 11, 14, 13, 16, 15, 12, 11, 14, 13, 16, 15, 12, 11, 14, 13, 16, 15, 12, 11, 8, 7, 10, 9, 12, 11, 14, 13, 16, 15, 12, 11, 14, 13, 16, 15, 12, 11, 14, 13, 16, 15, 12, 11, 14, 13, 16, 15, 12, 11, 14, 13, 16, 15, 12, 11, 14, 13, 16, 15, 12, 11, 8, 7, 10, 9, 12, 11, 14, 13, 16, 15, 12, 11, 14, 13, 16, 15, 12, 11, 14, 13, 16, 15, 12, 11, 14, 13, 16, 15, 12, 11, 14, 13, 16, 15, 12, 11, 14, 13, 16, 15, 12, 11, 14, 13, 12, 11, 8, 7, 20, 22, 21, 20, 22, 21, 20, 22, 21, 20, 22, 21, 20, 22, 21, 20, 22, 21, 20, 22, 21, 20, 22, 21, 20, 25, 24, 29, 30, 31]","[27, 28, 29, 0, 1, 3, 5, 7, 9, 11, 7, 9, 11, 13, 11, 7, 9, 11, 13, 11, 13, 11, 7, 9, 11, 13, 11, 13, 11, 13, 15, 11, 7, 9, 11, 13, 11, 13, 11, 13, 15, 11, 13, 11, 7, 9, 11, 13, 11, 13, 11, 13, 15, 11, 13, 15, 11, 13, 15, 11, 7, 9, 11, 13, 15, 11, 13, 15, 11, 13, 15, 11, 13, 15, 11, 13, 15, 11, 13, 15, 11, 7, 9, 11, 13, 15, 11, 13, 15, 11, 13, 15, 11, 13, 15, 11, 13, 15, 11, 13, 15, 11, 13, 11, 7, 20, 21, 20, 21, 20, 21, 20, 21, 20, 21, 20, 21, 20, 21, 20, 21, 20, 24, 29, 30, 31]","[0, 1, 2, 3, 4, 5, 6, 7, 8, 12, 13, 15, 17, 18, 19, 20, 21]","[17, 18, 19, 0, 1, 2, 3, 4, 5, 6, 4, 5, 6, 7, 6, 4, 5, 6, 7, 6, 7, 6, 4, 5, 6, 7, 6, 7, 6, 7, 8, 6, 4, 5, 6, 7, 6, 7, 6, 7, 8, 6, 7, 6, 4, 5, 6, 7, 6, 7, 6, 7, 8, 6, 7, 8, 6, 7, 8, 6, 4, 5, 6, 7, 8, 6, 7, 8, 6, 7, 8, 6, 7, 8, 6, 7, 8, 6, 7, 8, 6, 4, 5, 6, 7, 8, 6, 7, 8, 6, 7, 8, 6, 7, 8, 6, 7, 8, 6, 7, 8, 6, 7, 6, 4, 12, 13, 12, 13, 12, 13, 12, 13, 12, 13, 12, 13, 12, 13, 12, 13, 12, 15, 19, 20, 21]"
Task7CM,"{'Task7CML00': [871.0, 281.0, 1689.0, 321.0, 0], 'Task7CML01': [931.0, 331.0, 1179.0, 371.0, 1], 'Task7CML02': [931.0, 381.0, 1239.0, 421.0, 2], 'Task7CML03': [991.0, 430.0, 1329.0, 470.0, 3], 'Task7CML04': [1051.0, 480.0, 1314.0, 520.0, 4], 'Task7CML05': [991.0, 529.0, 1014.0, 568.0, 5], 'Task7CML06': [991.0, 579.0, 1254.0, 619.0, 6], 'Task7CML07': [991.0, 629.0, 1179.0, 669.0, 7], 'Task7CML08': [931.0, 678.0, 954.0, 717.0, 8], 'Task7CML09': [931.0, 728.0, 1149.0, 768.0, 9], 'Task7CML10': [871.0, 777.0, 894.0, 816.0, 10], 'Task7CML11': [871.0, 877.0, 1479.0, 917.0, 11], 'Task7CML12': [931.0, 926.0, 1179.0, 966.0, 12], 'Task7CML13': [931.0, 976.0, 1194.0, 1016.0, 13], 'Task7CML14': [931.0, 1025.0, 1509.0, 1065.0, 14], 'Task7CML15': [931.0, 1075.0, 1344.0, 1115.0, 15], 'Task7CML16': [871.0, 1125.0, 894.0, 1164.0, 16]}",[],[],"[0, 1, 2, 3, 4, 6, 7, 9, 11, 12, 13, 14, 15, 16]",[],[],"[11, 12, 13, 14, 0, 1, 2, 3, 6, 7, 2, 3, 4, 6, 7, 2, 3, 6, 7, 2, 3, 4, 6, 7, 2, 9, 14, 15, 16]","[0, 1, 2, 3, 4, 6, 7, 9, 11, 12, 13, 14, 15, 16]","[11, 12, 13, 14, 0, 1, 2, 3, 6, 7, 2, 3, 4, 6, 7, 2, 3, 6, 7, 2, 3, 4, 6, 7, 2, 9, 14, 15, 16]"
Task7CP,"{'Task7CPL00': [563.0, 281.0, 1381.0, 321.0, 0], 'Task7CPL01': [623.0, 331.0, 871.0, 371.0, 1], 'Task7CPC02': [1133.0, 331.0, 1576.0, 367.0, 1], 'Task7CPL03': [623.0, 381.0, 931.0, 421.0, 2], 'Task7CPC04': [1133.0, 381.0, 1516.0, 420.0, 2], 'Task7CPL05': [683.0, 430.0, 1021.0, 470.0, 3], 'Task7CPC06': [1133.0, 430.0, 1801.0, 470.0, 3], 'Task7CPL07': [743.0, 480.0, 1006.0, 520.0, 4], 'Task7CPC08': [1133.0, 480.0, 1621.0, 519.0, 4], 'Task7CPL09': [683.0, 529.0, 706.0, 568.0, 5], 'Task7CPL10': [683.0, 579.0, 946.0, 619.0, 6], 'Task7CPC11': [1133.0, 579.0, 1996.0, 618.0, 6], 'Task7CPL12': [683.0, 629.0, 871.0, 669.0, 7], 'Task7CPC13': [1133.0, 629.0, 1936.0, 668.0, 7], 'Task7CPL14': [623.0, 678.0, 646.0, 717.0, 8], 'Task7CPL15': [623.0, 728.0, 841.0, 768.0, 9], 'Task7CPC16': [1133.0, 728.0, 1531.0, 764.0, 9], 'Task7CPL17': [563.0, 777.0, 586.0, 816.0, 10], 'Task7CPL18': [563.0, 877.0, 1171.0, 917.0, 11], 'Task7CPL19': [623.0, 926.0, 871.0, 966.0, 12], 'Task7CPL20': [623.0, 976.0, 886.0, 1016.0, 13], 'Task7CPL21': [623.0, 1025.0, 1201.0, 1065.0, 14], 'Task7CPL22': [623.0, 1075.0, 1036.0, 1115.0, 15], 'Task7CPL23': [563.0, 1125.0, 586.0, 1164.0, 16]}","[0, 1, 2, 3, 4, 5, 6, 7, 8, 10, 11, 12, 13, 15, 16, 18, 19, 20, 21, 22, 23]","[0, 2, 1, 4, 3, 6, 5, 8, 7, 11, 10, 13, 12, 16, 15, 18, 19, 20, 21, 22, 23]","[0, 1, 3, 5, 7, 10, 12, 15, 18, 19, 20, 21, 22, 23]","[18, 19, 20, 21, 0, 1, 2, 3, 4, 5, 6, 10, 11, 12, 13, 3, 4, 5, 6, 7, 8, 10, 11, 12, 13, 3, 4, 5, 6, 10, 11, 12, 13, 3, 4, 5, 6, 7, 8, 10, 11, 12, 13, 3, 4, 15, 16, 21, 22, 23]","[18, 19, 20, 21, 0, 2, 1, 4, 3, 6, 5, 11, 10, 13, 12, 4, 3, 6, 5, 8, 7, 11, 10, 13, 12, 4, 3, 6, 5, 11, 10, 13, 12, 4, 3, 6, 5, 8, 7, 11, 10, 13, 12, 4, 3, 16, 15, 21, 22, 23]","[18, 19, 20, 21, 0, 1, 3, 5, 10, 12, 3, 5, 7, 10, 12, 3, 5, 10, 12, 3, 5, 7, 10, 12, 3, 15, 21, 22, 23]","[0, 1, 2, 3, 4, 6, 7, 9, 11, 12, 13, 14, 15, 16]","[11, 12, 13, 14, 0, 1, 2, 3, 6, 7, 2, 3, 4, 6, 7, 2, 3, 6, 7, 2, 3, 4, 6, 7, 2, 9, 14, 15, 16]"
Task8CM,"{'Task8CML00': [976.0, 257.0, 1554.0, 297.0, 0], 'Task8CML01': [1036.0, 307.0, 1299.0, 347.0, 1], 'Task8CML02': [1096.0, 357.0, 1299.0, 397.0, 2], 'Task8CML03': [1036.0, 406.0, 1059.0, 445.0, 3], 'Task8CML04': [1036.0, 456.0, 1239.0, 496.0, 4], 'Task8CML05': [1036.0, 505.0, 1284.0, 545.0, 5], 'Task8CML06': [1036.0, 555.0, 1554.0, 595.0, 6], 'Task8CML07': [1096.0, 605.0, 1494.0, 645.0, 7], 'Task8CML08': [1096.0, 654.0, 1329.0, 694.0, 8], 'Task8CML09': [1096.0, 704.0, 1329.0, 744.0, 9], 'Task8CML10': [1036.0, 753.0, 1059.0, 792.0, 10], 'Task8CML11': [1036.0, 803.0, 1269.0, 843.0, 11], 'Task8CML12': [976.0, 853.0, 999.0, 892.0, 12], 'Task8CML13': [976.0, 952.0, 1584.0, 992.0, 13], 'Task8CML14': [1036.0, 1001.0, 1254.0, 1041.0, 14], 'Task8CML15': [1036.0, 1051.0, 1464.0, 1091.0, 15], 'Task8CML16': [1036.0, 1101.0, 1449.0, 1141.0, 16], 'Task8CML17': [976.0, 1150.0, 999.0, 1189.0, 17]}",[],[],"[0, 1, 2, 4, 5, 6, 7, 8, 9, 11, 13, 14, 15, 16, 17]",[],[],"[13, 14, 15, 0, 1, 4, 5, 6, 7, 8, 9, 6, 7, 8, 9, 6, 7, 8, 9, 6, 7, 8, 9, 6, 7, 8, 9, 6, 7, 8, 9, 6, 11, 15, 16, 17]","[0, 1, 2, 4, 5, 6, 7, 8, 9, 11, 13, 14, 15, 16, 17]","[13, 14, 15, 0, 1, 4, 5, 6, 7, 8, 9, 6, 7, 8, 9, 6, 7, 8, 9, 6, 7, 8, 9, 6, 7, 8, 9, 6, 7, 8, 9, 6, 11, 15, 16, 17]"
Task8CP,"{'Task8CPL00': [578.0, 257.0, 1156.0, 297.0, 0], 'Task8CPL01': [638.0, 307.0, 901.0, 347.0, 1], 'Task8CPL02': [698.0, 357.0, 901.0, 397.0, 2], 'Task8CPC03': [1118.0, 357.0, 1771.0, 396.0, 2], 'Task8CPL04': [638.0, 406.0, 661.0, 445.0, 3], 'Task8CPL05': [638.0, 456.0, 841.0, 496.0, 4], 'Task8CPC06': [1118.0, 456.0, 1816.0, 495.0, 4], 'Task8CPL07': [638.0, 505.0, 886.0, 545.0, 5], 'Task8CPC08': [1118.0, 505.0, 1831.0, 544.0, 5], 'Task8CPL09': [638.0, 555.0, 1156.0, 595.0, 6], 'Task8CPC10': [1238.0, 555.0, 1981.0, 594.0, 6], 'Task8CPL11': [698.0, 605.0, 1096.0, 645.0, 7], 'Task8CPC12': [1238.0, 605.0, 1906.0, 644.0, 7], 'Task8CPL13': [698.0, 654.0, 931.0, 694.0, 8], 'Task8CPC14': [1238.0, 654.0, 1981.0, 693.0, 8], 'Task8CPL15': [698.0, 704.0, 931.0, 744.0, 9], 'Task8CPC16': [1238.0, 704.0, 1966.0, 743.0, 9], 'Task8CPL17': [638.0, 753.0, 661.0, 792.0, 10], 'Task8CPL18': [638.0, 803.0, 871.0, 843.0, 11], 'Task8CPC19': [1118.0, 803.0, 1726.0, 842.0, 11], 'Task8CPL20': [578.0, 853.0, 601.0, 892.0, 12], 'Task8CPL21': [578.0, 952.0, 1186.0, 992.0, 13], 'Task8CPL22': [638.0, 1001.0, 856.0, 1041.0, 14], 'Task8CPL23': [638.0, 1051.0, 1066.0, 1091.0, 15], 'Task8CPL24': [638.0, 1101.0, 1051.0, 1141.0, 16], 'Task8CPL25': [578.0, 1150.0, 601.0, 1189.0, 17]}","[0, 1, 2, 3, 5, 6, 7, 8, 9, 10, 11, 12, 13, 14, 15, 16, 18, 19, 21, 22, 23, 24, 25]","[0, 1, 3, 2, 6, 5, 8, 7, 10, 9, 12, 11, 14, 13, 16, 15, 19, 18, 21, 22, 23, 24, 25]","[0, 1, 2, 5, 7, 9, 11, 13, 15, 18, 21, 22, 23, 24, 25]","[21, 22, 23, 0, 1, 5, 6, 7, 8, 9, 10, 11, 12, 13, 14, 15, 16, 9, 10, 11, 12, 13, 14, 15, 16, 9, 10, 11, 12, 13, 14, 15, 16, 9, 10, 11, 12, 13, 14, 15, 16, 9, 10, 11, 12, 13, 14, 15, 16, 9, 10, 11, 12, 13, 14, 15, 16, 9, 10, 18, 19, 23, 24, 25]","[21, 22, 23, 0, 1, 6, 5, 8, 7, 10, 9, 12, 11, 14, 13, 16, 15, 10, 9, 12, 11, 14, 13, 16, 15, 10, 9, 12, 11, 14, 13, 16, 15, 10, 9, 12, 11, 14, 13, 16, 15, 10, 9, 12, 11, 14, 13, 16, 15, 10, 9, 12, 11, 14, 13, 16, 15, 10, 9, 19, 18, 23, 24, 25]","[21, 22, 23, 0, 1, 5, 7, 9, 11, 13, 15, 9, 11, 13, 15, 9, 11, 13, 15, 9, 11, 13, 15, 9, 11, 13, 15, 9, 11, 13, 15, 9, 18, 23, 24, 25]","[0, 1, 2, 4, 5, 6, 7, 8, 9, 11, 13, 14, 15, 16, 17]","[13, 14, 15, 0, 1, 4, 5, 6, 7, 8, 9, 6, 7, 8, 9, 6, 7, 8, 9, 6, 7, 8, 9, 6, 7, 8, 9, 6, 7, 8, 9, 6, 11, 15, 16, 17]"
Task9CM,"{'Task9CML00': [676.0, 257.0, 1404.0, 297.0, 0], 'Task9CML01': [736.0, 307.0, 1359.0, 347.0, 1], 'Task9CML02': [736.0, 357.0, 1374.0, 397.0, 2], 'Task9CML03': [736.0, 406.0, 1344.0, 446.0, 3], 'Task9CML04': [796.0, 456.0, 1074.0, 496.0, 4], 'Task9CML05': [856.0, 505.0, 1119.0, 545.0, 5], 'Task9CML06': [856.0, 555.0, 1884.0, 595.0, 6], 'Task9CML07': [916.0, 605.0, 1269.0, 645.0, 7], 'Task9CML08': [856.0, 654.0, 879.0, 693.0, 8], 'Task9CML09': [796.0, 704.0, 819.0, 743.0, 9], 'Task9CML10': [736.0, 753.0, 759.0, 792.0, 10], 'Task9CML11': [736.0, 803.0, 969.0, 843.0, 11], 'Task9CML12': [676.0, 853.0, 699.0, 892.0, 12], 'Task9CML13': [676.0, 952.0, 1284.0, 992.0, 13], 'Task9CML14': [736.0, 1001.0, 969.0, 1041.0, 14], 'Task9CML15': [736.0, 1051.0, 1314.0, 1091.0, 15], 'Task9CML16': [736.0, 1101.0, 1149.0, 1141.0, 16], 'Task9CML17': [676.0, 1150.0, 699.0, 1189.0, 17]}",[],[],"[0, 1, 2, 3, 4, 5, 6, 7, 11, 13, 14, 15, 16, 17]",[],[],"[13, 14, 15, 0, 1, 2, 3, 4, 5, 6, 7, 6, 7, 6, 7, 6, 7, 6, 7, 6, 7, 6, 7, 6, 7, 6, 3, 4, 5, 6, 7, 6, 7, 6, 7, 6, 7, 6, 3, 4, 3, 4, 5, 6, 3, 4, 3, 4, 5, 6, 3, 4, 3, 4, 3, 4, 3, 4, 5, 6, 3, 4, 3, 4, 5, 6, 3, 4, 3, 4, 3, 4, 5, 3, 4, 5, 6, 3, 4, 3, 11, 15, 16, 17]","[0, 1, 2, 3, 4, 5, 6, 7, 11, 13, 14, 15, 16, 17]","[13, 14, 15, 0, 1, 2, 3, 4, 5, 6, 7, 6, 7, 6, 7, 6, 7, 6, 7, 6, 7, 6, 7, 6, 7, 6, 3, 4, 5, 6, 7, 6, 7, 6, 7, 6, 7, 6, 3, 4, 3, 4, 5, 6, 3, 4, 3, 4, 5, 6, 3, 4, 3, 4, 3, 4, 3, 4, 5, 6, 3, 4, 3, 4, 5, 6, 3, 4, 3, 4, 3, 4, 5, 3, 4, 5, 6, 3, 4, 3, 11, 15, 16, 17]"
Task9CP,"{'Task9CPL00': [473.0, 257.0, 1201.0, 297.0, 0], 'Task9CPL01': [533.0, 307.0, 1156.0, 347.0, 1], 'Task9CPC02': [1223.0, 307.0, 2086.0, 346.0, 1], 'Task9CPL03': [533.0, 357.0, 1171.0, 397.0, 2], 'Task9CPC04': [1223.0, 357.0, 1651.0, 393.0, 2], 'Task9CPL05': [533.0, 406.0, 1141.0, 446.0, 3], 'Task9CPL06': [593.0, 456.0, 871.0, 496.0, 4], 'Task9CPC07': [1223.0, 456.0, 1921.0, 492.0, 4], 'Task9CPL08': [653.0, 505.0, 916.0, 545.0, 5], 'Task9CPC09': [1223.0, 505.0, 1666.0, 541.0, 5], 'Task9CPL10': [653.0, 555.0, 1681.0, 595.0, 6], 'Task9CPL11': [713.0, 605.0, 1066.0, 645.0, 7], 'Task9CPC12': [1223.0, 605.0, 1876.0, 644.0, 7], 'Task9CPL13': [653.0, 654.0, 676.0, 693.0, 8], 'Task9CPL14': [593.0, 704.0, 616.0, 743.0, 9], 'Task9CPL15': [533.0, 753.0, 556.0, 792.0, 10], 'Task9CPL16': [533.0, 803.0, 766.0, 843.0, 11], 'Task9CPC17': [1223.0, 803.0, 1666.0, 839.0, 11], 'Task9CPL18': [473.0, 853.0, 496.0, 892.0, 12], 'Task9CPL19': [473.0, 952.0, 1081.0, 992.0, 13], 'Task9CPL20': [533.0, 1001.0, 766.0, 1041.0, 14], 'Task9CPL21': [533.0, 1051.0, 1111.0, 1091.0, 15], 'Task9CPL22': [533.0, 1101.0, 946.0, 1141.0, 16], 'Task9CPL23': [473.0, 1150.0, 496.0, 1189.0, 17]}","[0, 1, 2, 3, 4, 5, 6, 7, 8, 9, 10, 11, 12, 16, 17, 19, 20, 21, 22, 23]","[0, 2, 1, 4, 3, 5, 7, 6, 9, 8, 10, 12, 11, 17, 16, 19, 20, 21, 22, 23]","[0, 1, 3, 5, 6, 8, 10, 11, 16, 19, 20, 21, 22, 23]","[19, 20, 21, 0, 1, 2, 3, 4, 5, 6, 7, 8, 9, 10, 11, 12, 10, 11, 12, 10, 11, 12, 10, 11, 12, 10, 11, 12, 10, 11, 12, 10, 11, 12, 10, 11, 12, 10, 5, 6, 7, 8, 9, 10, 11, 12, 10, 11, 12, 10, 11, 12, 10, 11, 12, 10, 5, 6, 7, 5, 6, 7, 8, 9, 10, 5, 6, 7, 5, 6, 7, 8, 9, 10, 5, 6, 7, 5, 6, 7, 5, 6, 7, 5, 6, 7, 8, 9, 10, 5, 6, 7, 5, 6, 7, 8, 9, 10, 5, 6, 7, 5, 6, 7, 5, 6, 7, 8, 9, 5, 6, 7, 8, 9, 10, 5, 6, 7, 5, 16, 17, 21, 22, 23]","[19, 20, 21, 0, 2, 1, 4, 3, 5, 7, 6, 9, 8, 10, 12, 11, 10, 12, 11, 10, 12, 11, 10, 12, 11, 10, 12, 11, 10, 12, 11, 10, 12, 11, 10, 12, 11, 10, 5, 7, 6, 9, 8, 10, 12, 11, 10, 12, 11, 10, 12, 11, 10, 12, 11, 10, 5, 7, 6, 5, 7, 6, 9, 8, 10, 5, 7, 6, 5, 7, 6, 9, 8, 10, 5, 7, 6, 5, 7, 6, 5, 7, 6, 5, 7, 6, 9, 8, 10, 5, 7, 6, 5, 7, 6, 9, 8, 10, 5, 7, 6, 5, 7, 6, 5, 7, 6, 9, 8, 5, 7, 6, 9, 8, 10, 5, 7, 6, 5, 17, 16, 21, 22, 23]","[19, 20, 21, 0, 1, 3, 5, 6, 8, 10, 11, 10, 11, 10, 11, 10, 11, 10, 11, 10, 11, 10, 11, 10, 11, 10, 5, 6, 8, 10, 11, 10, 11, 10, 11, 10, 11, 10, 5, 6, 5, 6, 8, 10, 5, 6, 5, 6, 8, 10, 5, 6, 5, 6, 5, 6, 5, 6, 8, 10, 5, 6, 5, 6, 8, 10, 5, 6, 5, 6, 5, 6, 8, 5, 6, 8, 10, 5, 6, 5, 16, 21, 22, 23]","[0, 1, 2, 3, 4, 5, 6, 7, 11, 13, 14, 15, 16, 17]","[13, 14, 15, 0, 1, 2, 3, 4, 5, 6, 7, 6, 7, 6, 7, 6, 7, 6, 7, 6, 7, 6, 7, 6, 7, 6, 3, 4, 5, 6, 7, 6, 7, 6, 7, 6, 7, 6, 3, 4, 3, 4, 5, 6, 3, 4, 3, 4, 5, 6, 3, 4, 3, 4, 3, 4, 3, 4, 5, 6, 3, 4, 3, 4, 5, 6, 3, 4, 3, 4, 3, 4, 5, 3, 4, 5, 6, 3, 4, 3, 11, 15, 16, 17]"
Task10CM,"{'Task10CML00': [856.0, 185.0, 1659.0, 225.0, 0], 'Task10CML01': [916.0, 235.0, 1119.0, 275.0, 1], 'Task10CML02': [916.0, 284.0, 1359.0, 324.0, 2], 'Task10CML03': [916.0, 334.0, 1269.0, 374.0, 3], 'Task10CML04': [976.0, 384.0, 1524.0, 424.0, 4], 'Task10CML05': [976.0, 433.0, 1389.0, 473.0, 5], 'Task10CML06': [1036.0, 483.0, 1209.0, 523.0, 6], 'Task10CML07': [976.0, 533.0, 1479.0, 573.0, 7], 'Task10CML08': [1036.0, 582.0, 1269.0, 622.0, 8], 'Task10CML09': [976.0, 632.0, 1104.0, 671.0, 9], 'Task10CML10': [1036.0, 681.0, 1284.0, 721.0, 10], 'Task10CML11': [976.0, 731.0, 999.0, 770.0, 11], 'Task10CML12': [916.0, 781.0, 939.0, 820.0, 12], 'Task10CML13': [916.0, 830.0, 1074.0, 870.0, 13], 'Task10CML14': [856.0, 880.0, 879.0, 919.0, 14], 'Task10CML15': [856.0, 979.0, 1464.0, 1019.0, 15], 'Task10CML16': [916.0, 1029.0, 1704.0, 1069.0, 16], 'Task10CML17': [916.0, 1078.0, 1164.0, 1118.0, 17], 'Task10CML18': [916.0, 1128.0, 1479.0, 1168.0, 18], 'Task10CML19': [916.0, 1177.0, 1329.0, 1217.0, 19], 'Task10CML20': [856.0, 1227.0, 879.0, 1266.0, 20]}",[],[],"[0, 1, 2, 3, 4, 5, 6, 7, 8, 9, 10, 13, 15, 16, 17, 18, 19, 20]",[],[],"[15, 16, 17, 18, 0, 1, 2, 3, 4, 5, 7, 8, 12, 3, 4, 5, 6, 18, 19, 20]","[0, 1, 2, 3, 4, 5, 6, 7, 8, 9, 10, 13, 15, 16, 17, 18, 19, 20]","[15, 16, 17, 18, 0, 1, 2, 3, 4, 5, 7, 8, 12, 3, 4, 5, 6, 18, 19, 20]"
Task10CP,"{'Task10CPL00': [451.0, 185.0, 1254.0, 225.0, 0], 'Task10CPL01': [511.0, 235.0, 714.0, 275.0, 1], 'Task10CPC02': [1201.0, 235.0, 1659.0, 274.0, 1], 'Task10CPL03': [511.0, 284.0, 954.0, 324.0, 2], 'Task10CPC04': [1201.0, 284.0, 1674.0, 323.0, 2], 'Task10CPL05': [511.0, 334.0, 864.0, 374.0, 3], 'Task10CPL06': [571.0, 384.0, 1119.0, 424.0, 4], 'Task10CPC07': [1201.0, 384.0, 2079.0, 424.0, 4], 'Task10CPL08': [571.0, 433.0, 984.0, 473.0, 5], 'Task10CPL09': [631.0, 483.0, 804.0, 523.0, 6], 'Task10CPC10': [1201.0, 483.0, 2079.0, 523.0, 6], 'Task10CPL11': [571.0, 533.0, 1074.0, 573.0, 7], 'Task10CPL12': [631.0, 582.0, 864.0, 622.0, 8], 'Task10CPC13': [1201.0, 582.0, 2109.0, 622.0, 8], 'Task10CPL14': [571.0, 632.0, 699.0, 671.0, 9], 'Task10CPL15': [631.0, 681.0, 879.0, 721.0, 10], 'Task10CPC16': [1201.0, 681.0, 2094.0, 721.0, 10], 'Task10CPL17': [571.0, 731.0, 594.0, 770.0, 11], 'Task10CPL18': [511.0, 781.0, 534.0, 820.0, 12], 'Task10CPL19': [511.0, 830.0, 669.0, 870.0, 13], 'Task10CPC20': [1201.0, 830.0, 1929.0, 870.0, 13], 'Task10CPL21': [451.0, 880.0, 474.0, 919.0, 14], 'Task10CPL22': [451.0, 979.0, 1059.0, 1019.0, 15], 'Task10CPL23': [511.0, 1029.0, 1299.0, 1069.0, 16], 'Task10CPL24': [511.0, 1078.0, 759.0, 1118.0, 17], 'Task10CPL25': [511.0, 1128.0, 1074.0, 1168.0, 18], 'Task10CPL26': [511.0, 1177.0, 924.0, 1217.0, 19], 'Task10CPL27': [451.0, 1227.0, 474.0, 1266.0, 20]}","[0, 1, 2, 3, 4, 5, 6, 7, 8, 9, 10, 11, 12, 13, 14, 15, 16, 19, 20, 22, 23, 24, 25, 26, 27]","[0, 2, 1, 4, 3, 5, 7, 6, 8, 10, 9, 11, 13, 12, 14, 16, 15, 20, 19, 22, 23, 24, 25, 26, 27]","[0, 1, 3, 5, 6, 8, 9, 11, 12, 14, 15, 19, 22, 23, 24, 25, 26, 27]","[22, 23, 24, 25, 0, 1, 2, 3, 4, 5, 6, 7, 8, 11, 12, 13, 18, 5, 6, 7, 8, 9, 10, 25, 26, 27]","[22, 23, 24, 25, 0, 2, 1, 4, 3, 5, 7, 6, 8, 11, 13, 12, 18, 5, 7, 6, 8, 10, 9, 25, 26, 27]","[22, 23, 24, 25, 0, 1, 3, 5, 6, 8, 11, 12, 18, 5, 6, 8, 9, 25, 26, 27]","[0, 1, 2, 3, 4, 5, 6, 7, 8, 9, 10, 13, 15, 16, 17, 18, 19, 20]","[15, 16, 17, 18, 0, 1, 2, 3, 4, 5, 7, 8, 12, 3, 4, 5, 6, 18, 19, 20]"
Task11CM,"{'Task11CML00': [668.0, 233.0, 1276.0, 273.0, 0], 'Task11CML01': [728.0, 283.0, 946.0, 323.0, 1], 'Task11CML02': [728.0, 333.0, 1051.0, 373.0, 2], 'Task11CML03': [728.0, 382.0, 1516.0, 422.0, 3], 'Task11CML04': [788.0, 432.0, 1126.0, 472.0, 4], 'Task11CML05': [788.0, 481.0, 1246.0, 521.0, 5], 'Task11CML06': [788.0, 531.0, 1891.0, 571.0, 6], 'Task11CML07': [848.0, 581.0, 976.0, 621.0, 7], 'Task11CML08': [848.0, 630.0, 961.0, 670.0, 8], 'Task11CML09': [848.0, 680.0, 976.0, 720.0, 9], 'Task11CML10': [788.0, 729.0, 811.0, 768.0, 10], 'Task11CML11': [728.0, 779.0, 751.0, 818.0, 11], 'Task11CML12': [728.0, 829.0, 931.0, 869.0, 12], 'Task11CML13': [668.0, 878.0, 691.0, 917.0, 13], 'Task11CML14': [668.0, 977.0, 1276.0, 1017.0, 14], 'Task11CML15': [728.0, 1027.0, 1066.0, 1067.0, 15], 'Task11CML16': [728.0, 1077.0, 1171.0, 1117.0, 16], 'Task11CML17': [728.0, 1126.0, 1141.0, 1166.0, 17], 'Task11CML18': [668.0, 1176.0, 691.0, 1215.0, 18]}",[],[],"[0, 1, 2, 3, 4, 5, 6, 7, 8, 9, 12, 14, 15, 16, 17, 18]",[],[],"[14, 15, 16, 0, 1, 2, 3, 4, 5, 6, 7, 8, 9, 6, 3, 4, 5, 6, 3, 4, 5, 6, 7, 8, 9, 6, 3, 4, 5, 6, 7, 8, 9, 6, 7, 8, 9, 6, 3, 4, 5, 6, 7, 8, 9, 6, 3, 4, 5, 6, 3, 4, 5, 6, 7, 8, 9, 6, 3, 12, 16, 17, 18]","[0, 1, 2, 3, 4, 5, 6, 7, 8, 9, 12, 14, 15, 16, 17, 18]","[14, 15, 16, 0, 1, 2, 3, 4, 5, 6, 7, 8, 9, 6, 3, 4, 5, 6, 3, 4, 5, 6, 7, 8, 9, 6, 3, 4, 5, 6, 7, 8, 9, 6, 7, 8, 9, 6, 3, 4, 5, 6, 7, 8, 9, 6, 3, 4, 5, 6, 3, 4, 5, 6, 7, 8, 9, 6, 3, 12, 16, 17, 18]"
Task11CP,"{'Task11CPL00': [293.0, 233.0, 901.0, 273.0, 0], 'Task11CPL01': [353.0, 283.0, 571.0, 323.0, 1], 'Task11CPC02': [713.0, 283.0, 1576.0, 322.0, 1], 'Task11CPL03': [353.0, 333.0, 676.0, 373.0, 2], 'Task11CPC04': [713.0, 333.0, 1276.0, 372.0, 2], 'Task11CPL05': [353.0, 382.0, 1141.0, 422.0, 3], 'Task11CPC06': [1193.0, 382.0, 1876.0, 422.0, 3], 'Task11CPL07': [413.0, 432.0, 751.0, 472.0, 4], 'Task11CPC08': [893.0, 432.0, 1936.0, 472.0, 4], 'Task11CPL09': [413.0, 481.0, 871.0, 521.0, 5], 'Task11CPC10': [893.0, 481.0, 2116.0, 521.0, 5], 'Task11CPL11': [413.0, 531.0, 1516.0, 571.0, 6], 'Task11CPC12': [1553.0, 531.0, 2266.0, 570.0, 6], 'Task11CPL13': [473.0, 581.0, 601.0, 621.0, 7], 'Task11CPC14': [653.0, 581.0, 1546.0, 620.0, 7], 'Task11CPL15': [473.0, 630.0, 586.0, 670.0, 8], 'Task11CPC16': [653.0, 630.0, 1621.0, 669.0, 8], 'Task11CPL17': [473.0, 680.0, 601.0, 720.0, 9], 'Task11CPC18': [653.0, 680.0, 1651.0, 719.0, 9], 'Task11CPL19': [413.0, 729.0, 436.0, 768.0, 10], 'Task11CPL20': [353.0, 779.0, 376.0, 818.0, 11], 'Task11CPL21': [353.0, 829.0, 556.0, 869.0, 12], 'Task11CPC22': [653.0, 829.0, 1426.0, 868.0, 12], 'Task11CPL23': [293.0, 878.0, 316.0, 917.0, 13], 'Task11CPL24': [293.0, 977.0, 901.0, 1017.0, 14], 'Task11CPL25': [353.0, 1027.0, 691.0, 1067.0, 15], 'Task11CPL26': [353.0, 1077.0, 796.0, 1117.0, 16], 'Task11CPL27': [353.0, 1126.0, 766.0, 1166.0, 17], 'Task11CPL28': [293.0, 1176.0, 316.0, 1215.0, 18]}","[0, 1, 2, 3, 4, 5, 6, 7, 8, 9, 10, 11, 12, 13, 14, 15, 16, 17, 18, 21, 22, 24, 25, 26, 27, 28]","[0, 2, 1, 4, 3, 6, 5, 8, 7, 10, 9, 12, 11, 14, 13, 16, 15, 18, 17, 22, 21, 24, 25, 26, 27, 28]","[0, 1, 3, 5, 7, 9, 11, 13, 15, 17, 21, 24, 25, 26, 27, 28]","[24, 25, 26, 0, 1, 2, 3, 4, 5, 6, 7, 8, 9, 10, 11, 12, 13, 14, 15, 16, 17, 18, 11, 12, 5, 6, 7, 8, 9, 10, 11, 12, 5, 6, 7, 8, 9, 10, 11, 12, 13, 14, 15, 16, 17, 18, 11, 12, 5, 6, 7, 8, 9, 10, 11, 12, 13, 14, 15, 16, 17, 18, 11, 12, 13, 14, 15, 16, 17, 18, 11, 12, 5, 6, 7, 8, 9, 10, 11, 12, 13, 14, 15, 16, 17, 18, 11, 12, 5, 6, 7, 8, 9, 10, 11, 12, 5, 6, 7, 8, 9, 10, 11, 12, 13, 14, 15, 16, 17, 18, 11, 12, 5, 6, 21, 22, 26, 27, 28]","[24, 25, 26, 0, 2, 1, 4, 3, 6, 5, 8, 7, 10, 9, 12, 11, 14, 13, 16, 15, 18, 17, 12, 11, 6, 5, 8, 7, 10, 9, 12, 11, 6, 5, 8, 7, 10, 9, 12, 11, 14, 13, 16, 15, 18, 17, 12, 11, 6, 5, 8, 7, 10, 9, 12, 11, 14, 13, 16, 15, 18, 17, 12, 11, 14, 13, 16, 15, 18, 17, 12, 11, 6, 5, 8, 7, 10, 9, 12, 11, 14, 13, 16, 15, 18, 17, 12, 11, 6, 5, 8, 7, 10, 9, 12, 11, 6, 5, 8, 7, 10, 9, 12, 11, 14, 13, 16, 15, 18, 17, 12, 11, 6, 5, 22, 21, 26, 27, 28]","[24, 25, 26, 0, 1, 3, 5, 7, 9, 11, 13, 15, 17, 11, 5, 7, 9, 11, 5, 7, 9, 11, 13, 15, 17, 11, 5, 7, 9, 11, 13, 15, 17, 11, 13, 15, 17, 11, 5, 7, 9, 11, 13, 15, 17, 11, 5, 7, 9, 11, 5, 7, 9, 11, 13, 15, 17, 11, 5, 21, 26, 27, 28]","[0, 1, 2, 3, 4, 5, 6, 7, 8, 9, 12, 14, 15, 16, 17, 18]","[14, 15, 16, 0, 1, 2, 3, 4, 5, 6, 7, 8, 9, 6, 3, 4, 5, 6, 3, 4, 5, 6, 7, 8, 9, 6, 3, 4, 5, 6, 7, 8, 9, 6, 7, 8, 9, 6, 3, 4, 5, 6, 7, 8, 9, 6, 3, 4, 5, 6, 3, 4, 5, 6, 7, 8, 9, 6, 3, 12, 16, 17, 18]"
Task12CM,"{'Task12CML00': [811.0, 305.0, 1749.0, 345.0, 0], 'Task12CML01': [871.0, 355.0, 1494.0, 395.0, 1], 'Task12CML02': [931.0, 405.0, 1134.0, 445.0, 2], 'Task12CML03': [871.0, 454.0, 894.0, 493.0, 3], 'Task12CML04': [871.0, 504.0, 1494.0, 544.0, 4], 'Task12CML05': [871.0, 553.0, 1494.0, 593.0, 5], 'Task12CML06': [871.0, 603.0, 1239.0, 643.0, 6], 'Task12CML07': [871.0, 653.0, 1239.0, 693.0, 7], 'Task12CML08': [871.0, 702.0, 1554.0, 742.0, 8], 'Task12CML09': [811.0, 752.0, 834.0, 791.0, 9], 'Task12CML10': [811.0, 851.0, 1419.0, 891.0, 10], 'Task12CML11': [871.0, 901.0, 1254.0, 941.0, 11], 'Task12CML12': [871.0, 950.0, 1254.0, 990.0, 12], 'Task12CML13': [871.0, 1000.0, 1509.0, 1040.0, 13], 'Task12CML14': [871.0, 1049.0, 1284.0, 1089.0, 14], 'Task12CML15': [811.0, 1099.0, 834.0, 1138.0, 15]}",[],[],"[0, 1, 2, 4, 5, 6, 7, 8, 10, 11, 12, 13, 14, 15]",[],[],"[10, 11, 12, 13, 0, 1, 4, 5, 6, 7, 8, 13, 14, 15]","[0, 1, 2, 4, 5, 6, 7, 8, 10, 11, 12, 13, 14, 15]","[10, 11, 12, 13, 0, 1, 4, 5, 6, 7, 8, 13, 14, 15]"
Task12CP,"{'Task12CPL00': [556.0, 305.0, 1494.0, 345.0, 0], 'Task12CPL01': [616.0, 355.0, 1239.0, 395.0, 1], 'Task12CPC02': [1276.0, 355.0, 1959.0, 395.0, 1], 'Task12CPL03': [676.0, 405.0, 879.0, 445.0, 2], 'Task12CPL04': [616.0, 454.0, 639.0, 493.0, 3], 'Task12CPL05': [616.0, 504.0, 1239.0, 544.0, 4], 'Task12CPC06': [1261.0, 504.0, 1989.0, 543.0, 4], 'Task12CPL07': [616.0, 553.0, 1239.0, 593.0, 5], 'Task12CPC08': [1261.0, 553.0, 2004.0, 592.0, 5], 'Task12CPL09': [616.0, 603.0, 984.0, 643.0, 6], 'Task12CPC10': [1006.0, 603.0, 1434.0, 642.0, 6], 'Task12CPL11': [616.0, 653.0, 984.0, 693.0, 7], 'Task12CPL12': [616.0, 702.0, 1299.0, 742.0, 8], 'Task12CPC13': [1321.0, 702.0, 1914.0, 741.0, 8], 'Task12CPL14': [556.0, 752.0, 579.0, 791.0, 9], 'Task12CPL15': [556.0, 851.0, 1164.0, 891.0, 10], 'Task12CPL16': [616.0, 901.0, 999.0, 941.0, 11], 'Task12CPL17': [616.0, 950.0, 999.0, 990.0, 12], 'Task12CPL18': [616.0, 1000.0, 1254.0, 1040.0, 13], 'Task12CPL19': [616.0, 1049.0, 1029.0, 1089.0, 14], 'Task12CPL20': [556.0, 1099.0, 579.0, 1138.0, 15]}","[0, 1, 2, 3, 5, 6, 7, 8, 9, 10, 11, 12, 13, 15, 16, 17, 18, 19, 20]","[0, 2, 1, 3, 6, 5, 8, 7, 10, 9, 11, 13, 12, 15, 16, 17, 18, 19, 20]","[0, 1, 3, 5, 7, 9, 11, 12, 15, 16, 17, 18, 19, 20]","[15, 16, 17, 18, 0, 1, 2, 5, 6, 7, 8, 9, 10, 11, 12, 13, 18, 19, 20]","[15, 16, 17, 18, 0, 2, 1, 6, 5, 8, 7, 10, 9, 11, 13, 12, 18, 19, 20]","[15, 16, 17, 18, 0, 1, 5, 7, 9, 11, 12, 18, 19, 20]","[0, 1, 2, 4, 5, 6, 7, 8, 10, 11, 12, 13, 14, 15]","[10, 11, 12, 13, 0, 1, 4, 5, 6, 7, 8, 13, 14, 15]"
