Task,Comment Contribution,ParticipantID
Task1,2,615db7bf-3727-4ad8-a57f-4b18d9d94739
Task2,3,615db7bf-3727-4ad8-a57f-4b18d9d94739
Task3,2,615db7bf-3727-4ad8-a57f-4b18d9d94739
Task4,5,615db7bf-3727-4ad8-a57f-4b18d9d94739
Task5,3,615db7bf-3727-4ad8-a57f-4b18d9d94739
Task6,1,615db7bf-3727-4ad8-a57f-4b18d9d94739
Task7,4,615db7bf-3727-4ad8-a57f-4b18d9d94739
Task8,3,615db7bf-3727-4ad8-a57f-4b18d9d94739
Task9,3,615db7bf-3727-4ad8-a57f-4b18d9d94739
Task10,5,615db7bf-3727-4ad8-a57f-4b18d9d94739
Task11,2,615db7bf-3727-4ad8-a57f-4b18d9d94739
Task12,5,615db7bf-3727-4ad8-a57f-4b18d9d94739
